date,headlines,respond
2023-03-08,"Nasdaq 100 Dips as Soft ISM Services Data Fuels Economic Woes, Will Support Hold?
US Dollar Gains on Soft Data that May Signal a Shift in Market Perception for USD
Crude Oil Slides as US Data Underwhelms Pushing Yields Down. Lower WTI?
Gold Price Forecast: XAU/USD Echoes Uncertain Global Sentiment
EUR/USD Eyeing Key Support Test Ahead of NFP
British Pound Latest – GBP/USD Trying to Confirm New Support, NFPs Near
USD/CAD Price Forecast: Employment Data Lifts Canadian Dollar
Bitcoin Poised for a Breakout as Possibility of a Demand Surge Grows
Australian Dollar Drops as Currency Markets Await US NFPs, Will AUD/USD Keep Going?
March Jobs Report: Nonfarm Payrolls Rise by 236,000, Wage Growth Cools to 4.2%
US Dollar Outlook – Direction of Travel May Be Lower as Jobs Data Overstates Strength
Gold Q2 2023 Technical Forecast: Uncertainty Lies Ahead for XAU/USD
Will Systemic Risks Make or Break Bitcoin in Q2?
British Pound Q2 2023 Technical Forecast: GBP/USD and EUR/GBP
Japanese Yen Q2 2023 Fundamental Forecast: Safe Haven Appeal to Keep Yen Supported
Euro Q2 Technical Forecast: EUR/USD Presents Attractive Price Action for Now
Oil Fundamental Forecast: WTI to Head Lower in Q2 as Fundamentals Weaken
US Dollar Q2 Fundamental Forecast: USD Weakness to Make Headway as Fed Abandons Hawkish Pledge
Markets in the Second Quarter: S&P 500, US Dollar, Gold, Crude Oil, Euro, Recession Woes
Volatility May See Range Breaks across Markets but Trends Might be Short-Lived
US Dollar May Keep Weighing on the Chinese Yuan if Exports Soften
Japan March consumer confidence index 33.9 vs 31.1 prior","The news articles cover a range of topics including economic data releases, currency movements, commodity prices, and forecasts for various financial instruments. While some of the news articles are specific to certain currencies or assets, others cover broader market trends and potential risks. 

In terms of the possible trend of the stock price of EURUSD, it is difficult to make a definitive prediction based on the news articles alone. However, some possible assumptions and their potential effects on the currency pair are:

1. Positive economic data releases in the US, such as the March Jobs Report, could strengthen the US dollar and cause the EURUSD to decline. 

2. Weakness in commodity prices, such as crude oil and gold, could also weigh on the EURUSD as the euro is often seen as a commodity currency. 

3. Uncertainty and volatility in the markets, as suggested by the article on range breaks and short-lived trends, could lead to a more volatile EURUSD. 

4. The article on the Japanese yen suggests that safe-haven currencies could remain supported, which could potentially benefit the euro and lead to a stronger EURUSD. 

Overall, the news articles suggest a range of potential factors that could impact the EURUSD in the short to medium term. As always, it is important to consider a range of factors and conduct thorough analysis before making any trading decisions."
